1.5449688941009023,1.5148001930949389,0.3898574079301913,0.6935309986327574,0.9281368190959786,1.406969287261912,0.8743985935703205,1.0413689611274395,1.6251545944487575,0.8306704061053162,1.7365793786572317,0.19728316683208236,-1.1963757189767612,-1.6825722511729764,-0.9416507183870984,-0.6245041891109971,1
1.608564960578056,0.23889734753707287,0.8256123694965652,0.9640934285744825,-0.3361036922356746,0.4570236332107326,0.5932003728206068,1.4741029974116748,0.6465783268426998,0.5909605063470115,1.4087428903280959,0.19104467710497275,-2.0356220337217863,-1.1807961500346733,-1.7238533840391776,-1.7048396473298246,1
-1.4342566936521939,-0.16314011625867664,-1.8058447922777352,-0.8197005503685123,1.3451514640459674,1.4108510612574097,0.848309365931373,0.37588905510479115,1.7497570146963888,0.7772278733164775,1.7649989905406327,1.1840369732855387,-1.2419620058862892,-0.8032784763583009,-0.42459902147104006,-0.9589558747547282,1
-1.1248364839041312,0.9191554459874695,-0.8625534955445141,0.709466349969988,-2.447092528785792,1.5963845008235484,-0.10265552641872532,0.6938000701971436,-1.5333266844593871,0.9314497388048888,-1.0937519418643864,1.4977592885814799,-0.9726802791774812,0.6036885848144085,-1.6592047252790243,1.4328170924098367,1
1.2797136272827911,0.18715707270067536,1.5443169504957774,0.5754391483997117,0.8607009032432158,1.6587774352829368,1.5487811252133352,0.18943614107687576,-1.4736642611568675,-0.6799433246040938,-1.8697037328730568,-0.29032688388624334,1.0589625384016592,1.7064587868959262,0.62755657062595,0.6719141762037315,1
1.1532561032348971,-1.4472221000935903,-0.7566447348372507,0.3414509016225108,0.5861343051517085,-1.1214571155436388,-0.12909079252014288,1.3924126842742468,1.5385962521338947,-0.2914614833284278,0.8014160679054366,1.020794533779217,1.7102004615649276,-0.49368237279902955,-0.5019837483462369,1.8871198090200905,1
-1.8060048017958,-0.8281423628731419,0.8745261028293242,1.6989594572958826,-0.4186447031970168,-1.4280042429730955,1.6563641855692737,1.2679776712217379,-1.1091404930740991,-1.2560894927531643,0.4261768005672821,0.39100107972182424,-1.9135644697870664,-0.9895591352392673,-0.030027475153265423,0.5667420444955564,1
0.9032271254162056,0.9476766878708984,1.1730734719762004,0.6117283552349104,1.3731974367611015,1.1326640274999495,0.829802421642068,0.6439796722909885,-1.0924424915493427,-1.4084506259137843,-0.9707806525582062,-0.9572806573900451,-0.8691463582618304,-0.11687879516407305,-1.066222359849786,-0.4977010664377588,1
1.7627352108466223,-0.22318313568396764,-0.5572373978495134,-1.4673908533436,1.701577424517234,-0.7867385508387843,-1.4123890131869972,-0.569036223201632,0.8894756586659112,-1.974767175568677,-1.4901437753689344,-1.0326617611397055,0.947620225522025,-1.532476783766006,-0.6244636402292717,-0.7401167190053861,1
-1.0867432953569764,-0.2764326007775777,-0.6632705621363888,-0.5209823656855852,-0.9764398640945381,-1.6996865230727507,-2.0398485175730032,-1.7647038616158155,-0.8201171479169902,-0.9841151436511824,-1.1050818237780036,-1.1842884533700684,0.005860787721373439,-1.411451795488237,-0.5360902719419706,-0.999043531989503,1
-1.0665094578871788,-0.9534208688263712,-0.8284423601469533,-0.6159526519084396,0.5471658321704915,1.0200449310551107,0.7518462613938378,0.5308281800337419,-1.4359296101740369,-0.729565777394042,-2.282113461582412,-1.9275350413615284,0.5835950720066665,-1.332253068384765,-0.2655678297018971,-1.0323295220295912,1
-1.8216345172851387,-1.1823210270585665,-1.243331403661848,-1.3930405994040038,-1.3999403327566733,-1.904061476970812,-1.6379266023406642,-0.5629532986175254,0.9285426540034089,0.746798790862833,0.9972943326736461,1.5836953393505755,1.0021052604378928,1.2701870654655187,0.5766975788058712,0.6906850246266405,1
-0.16701940864448384,1.3524321384072016,2.138039508913833,1.3797068871109075,0.8686022615264488,0.4423406346270248,0.3940728756407493,0.33403254128731447,0.7997843991748013,0.4659328839979028,0.9240130830728557,1.101969344713278,0.14007859807614975,0.6174551058035194,0.7104751367594315,0.696368882313282,1
1.1292300871595344,0.8367586881102218,2.155804687650317,0.962585728340401,-0.6910808905603889,-1.9708470237464724,-1.4303245659573651,-1.5434568474583563,-1.4771898616513144,-0.7922310030814987,-0.4822174661112951,-0.8276847476827447,-1.1133223117831543,-1.3154275193562095,-0.4432001244067455,0.035627727077431004,1
1.35573689369149,1.0463584512194346,-0.7524296757661747,0.7253916796110218,0.4544467169515732,1.73230634182321,-0.750617573255061,0.756132502213551,0.1731238324585924,1.6115865588593727,-0.3678228172484336,0.8912677734818174,0.6696936043162804,0.8703518156370019,-1.1053937622892855,1.384768457247349,1
-1.162489297084334,1.5975927012015487,-1.596448096818392,1.7384561481551344,-1.5337084929443443,1.4246907886888052,-1.1864792551065628,0.4275458711805117,-1.2484495235762991,1.2724645940894967,-1.0034269974507455,1.5592347057216716,-0.28212996953255925,0.4084846673410748,-1.6281345724551723,0.34760311318957915,1
0.704025352922997,-1.1543397859502595,-0.9543151678016419,-0.03413349766511953,-0.8568294061433405,-1.5440378363571832,-0.8290170100383606,-0.6475923435540836,0.829152393904022,1.3976398286578544,1.3531450280501103,0.7707774655892897,1.7758514964988854,0.6082103473191911,1.2186558891623605,0.6989430418856972,1
-0.676564767551611,0.06902760581700229,-0.6438083275667719,-1.3938307959052034,-1.5409729395894822,-1.4764844167537023,0.0016559401910229976,-1.163663720260718,0.6686783030859862,0.9207816779363832,0.8415464756971491,1.7838251798937517,-1.5072387455081515,-0.40967838416977664,-0.9389539517744576,-0.3964867432861573,1
-1.517189691081466,-1.4161417133218033,0.4722898120267316,-1.5008009203433956,0.7227114910910689,1.6918501936147172,1.7069129955568942,-0.21404153853052033,1.3827129569753562,0.9024976175495506,0.9253225394847548,1.5825617917037724,0.82591203611381,0.7440248179335066,0.8392336210278658,0.8254486718801843,1
0.5901343217805701,1.301267682793433,0.6589890925679743,1.6026847778922453,2.1732006619966993,1.3281926504206611,1.7464159456825787,1.360363619148034,-1.2671310113360938,-0.8999241675962877,0.006660473048720972,-1.2617768713137256,-1.5196636494390368,-1.5670972115576347,-1.1087646919167744,-1.501736044321531,1
-1.116748175613383,-0.5879183415752582,-1.2159086548317968,-1.43108170795202,1.4773973999075072,0.7878741426939572,1.0922444418009896,0.894778057780128,0.9997831857906947,1.7648051470822954,1.2859678848005343,0.38910749426766333,-1.1860411038684384,-1.2063064212684151,-0.8918142569104177,-0.5456083351099337,1
0.841727148395129,0.8954680091637458,0.6196330766114947,1.1261991033260244,0.4307687044228479,0.05515110670104984,1.1098008409067743,1.0106165328879106,-1.2855850082185971,-1.6413483113051832,-0.8551279865429826,-1.495087519285225,0.9305278245673329,1.882485927063222,1.325594884787692,0.3154336688091517,1
-0.7683456644056929,-0.6547625325813333,-0.8400341539310838,-0.7359016381663437,-0.1821575068191633,-1.1455292151436995,-1.6122154511043956,-0.8430121247579297,-1.64066651509289,-1.5607958763673913,-1.4110500944240076,-1.6253703504375263,1.5842825210044127,1.0244555490087353,1.3533944185969784,1.255132192462662,1
-0.9601595100772929,-1.0717348651521987,-0.7401812658657047,-1.0705684107581828,-0.3676152366125174,-1.1605846995218407,-1.4915164933598768,-1.5317209331308783,-0.6322657453591555,-0.9851894290215417,-0.6831420496374025,-0.6934387503854078,-0.009924926381920328,0.4299586994882783,0.4896874797480897,0.5919679057541187,1
-0.7843074407997386,-1.0695858980095503,-0.47982518966338095,-0.5938283021397828,0.978758420565584,0.2784108654332144,0.4009488406027879,0.11340454391011878,-1.0691307469752664,-1.3293513529021967,-1.0903597078029352,-0.9132179122471821,-0.050849644818850015,-0.7095663202891201,-0.9643314424858067,-1.7823983904373364,1
0.8416460338370428,0.17006607487110492,1.4201817997773891,0.8620184517724995,-0.52847967921948,-0.8594638874911904,-1.4417220528809247,-0.9708778196703096,1.654169183527164,0.9254230055163779,0.4825974182773112,0.20567791570167168,0.6139176565676742,0.794931869114509,1.4099995679586295,0.4395753660941891,1
0.7826955454728365,1.0098265009242704,1.925386823006008,-1.869746433225792,0.7136429182173998,0.625935560696772,0.7149780037914952,-2.055340423794207,1.6426850805188629,1.6625480280524099,1.2909406497880203,-1.669188267417884,1.1388206637672116,1.432992666481098,1.1941910884525975,-1.0246803333549224,1
0.883522493275733,-1.0285399515979488,0.723176757724604,1.1566119955032819,0.889435886042939,-0.909719530901265,1.500401521691276,0.6453205451787901,1.298347690455242,-0.9833949100573136,2.010596799790377,0.8918498357682452,1.347582291575533,-0.9923232741220115,0.30584774584325314,0.7396554522404278,1
1.3664296412734191,-1.7656752014064017,-0.5800039168148071,1.2722048654288067,0.9250972770790808,-0.6363736968039657,-1.1320664987554352,1.0746818480756644,0.28088479343142647,-1.1280996401655987,-0.5380687144204355,0.33442034075367977,1.4093118417452415,-2.009359861639599,-1.5947979189150547,0.8426065733572029,1
-1.5572536340470347,-1.7910875557216035,0.7257981593682179,1.312560228169962,-0.9984681812796627,-1.521749747547379,1.574102392328245,1.8421916640907687,-1.1132995820072988,-0.9453315482013273,0.24557565818525195,0.7928066419454824,-0.7447800109995031,-0.8225717298711112,0.7461660753951466,0.8628782457617765,1
-1.6780860305974836,-1.2437334127294923,0.8164793019587725,0.8129779378026685,-0.7004541164425229,-1.351096747445303,2.3519375962946127,1.6927777911084871,-0.309631793680451,-1.51684940640365,-0.015288305912937616,0.830465302692364,-0.8532370636941725,-1.080979395655011,0.7350884922370969,0.12950605219824507,1
-0.31498681181188626,-1.226941799424536,-1.4496866006709483,1.3051221288947596,-0.19619130658777684,-0.7918018706280516,-0.3697853003883708,1.8383176703184816,-1.4609293399637893,-0.5308043329702068,-1.7617352546517735,1.2124512658931923,-1.0356589452574096,-0.37852489847896886,-0.4138742435075795,1.2848916752672013,1
1.360223721627944,1.0935737098590168,0.5906099669628246,0.6051422089487551,-0.17149463303728452,-0.9564267031210318,0.038279591147465375,-1.4091293393380615,2.096905481970986,0.5282433156780224,0.7808071126570648,1.2210718396044835,1.4987692964831618,1.339039969692549,0.043444530509667234,0.7137981772343355,1
1.950692332793158,-1.005918573120162,-1.2692499434971705,-0.31862958650051876,1.622910777481752,-0.5396227173713808,-1.2849489597060528,-1.1434587879688378,1.1558144118623648,-0.6528003289263814,-1.2542417870092684,-0.9146314446896515,1.133695650398703,-0.35661512181237326,-0.6227670855324405,-1.7534008224176452,1
0.7493081453034208,-1.0530680291862071,-1.5894899719052304,1.332060241733949,1.0582594517853998,-1.017694397055274,-0.8356736937960906,0.26302403749071035,1.7003262244068464,-1.2598242025642723,-1.1873784844832218,1.4325186359933,1.3056167091526578,-0.000568603324530903,-1.4825865524024087,0.5311756288336111,1
-1.4035440298687907,-1.1667118541412065,-2.220764285459235,-1.2956871116959687,0.6478527152578978,1.27855122346807,0.9208849317445568,1.3194344368394408,-2.2747696723683406,-1.419549111285524,-0.722001474214278,-1.1544323152865776,-0.5772697335128164,-1.902301454694612,-0.6344445801552628,-1.31956960889252,1
-0.2998650922434376,-0.054022144098681675,-0.8794984178371029,-1.295926343449077,-0.2652025442976631,0.37863105839525424,0.7372995126311258,0.8274424295352224,0.6041234214147153,1.1697854634013587,1.0974049489888122,1.0204764548381091,1.392646803517524,0.7651822558655001,1.5479947281226827,0.39810733690219025,1
-1.116836645862462,-0.4619106331975424,-0.46979789446067366,-1.8242837998064385,-1.3466166683584735,-1.3600805097859194,-2.265791564250623,-0.7169395265250461,-1.1230799121592607,-1.056571268315488,-0.3270644708121808,-0.9558454933578214,-1.2153652324830089,-0.7139611894975284,-0.47056407671221906,-0.8517662169753872,1
0.7558361615998616,0.7432945377717799,-0.9392634439138697,-1.290761139359352,-0.009904437585038115,1.5926573382993687,-0.7467895276109859,-0.9254590791075425,0.9529137302222744,0.8386470500657818,-1.3999833233742052,-1.9387916826489544,1.8137194846139808,1.010446803574783,-1.8055538786800145,-1.5130767584601503,1
0.8828169891402812,0.7169951357399882,0.3343252793123931,0.8901281259890929,-1.1479637701043817,-1.6303220579943278,-0.6769595311811353,-0.7583396606870552,-0.6521401495774618,-1.384035177732184,-1.9917878390573236,-0.7663344351771754,0.6679436426851433,0.5546659333771495,0.37147346267827874,0.8623387359564231,1
-0.57722281927189,-0.4088637746702305,-1.3169006980730156,-1.5645909679402776,2.1280254353384875,1.1073863592459243,0.19381264798452455,2.2801977423497894,0.9550100193306736,-0.4736831342201089,1.7272644344886932,-0.1551830441511348,-0.8557917643106022,-0.5787776495844745,-0.659303109944944,-0.22195525659444923,1
0.5656615422595135,0.8846719155659757,1.0309158360090596,0.957546338232323,-0.3288732368481948,-1.1650840312534154,-1.4660432067786786,-1.4348055174515937,1.3275501358112651,0.2984307959555001,0.8994069149245414,1.6637501227277105,-0.8537007771295848,-1.0373026945593773,-1.0179552018192148,-1.5147822961135864,1
-0.3967536907643752,-0.793472984106931,0.2329255894169282,1.2670594059692784,-0.7237383835667692,-0.8640029377293198,-1.134506664424104,0.6751755670102004,-1.1174917410220313,-1.0945391039324357,-1.047104291744747,1.317993570682729,-0.8499632476663527,-1.258464130431084,-1.369072034419538,1.1121391405453547,1
-1.0139919963353972,1.0442517369089408,-1.4172574277860708,-1.3634964963092084,-1.37355813051631,0.18995283040247143,-0.8290848390769469,-0.5526712741539975,-0.6018449585732321,0.8687515697696225,-1.4055026197319436,-0.6278426788186553,-0.6805384888127242,1.108710321218148,-0.12784437378836355,-1.0132127606835315,1
0.483776705111946,-0.14238831787327366,1.1133669009256013,1.9424848562076584,-1.3460915502581567,-1.0963437271072252,-0.4933382725401412,-0.8670621772342163,-1.4868450897209209,-0.23684620654975247,-0.901337878883068,-1.1161078163223703,0.9252787111295834,1.295434445238938,0.6933067478932378,1.7858103952441031,1
1.6139939047928005,0.31898515899949953,1.037282031030248,0.8121410454731415,-0.5234559725037531,-1.6089016526612925,-0.7849611758162572,-1.3268453434981284,1.1115190124132375,1.0344655261542364,0.874110462928691,1.238905923134692,-0.9781736328485193,-1.0664031510383472,-1.1782082670113716,-0.9612008051273315,1
0.7636630510300348,0.9402810586814657,1.8147309243325371,-1.0989206368843292,0.9974277361308864,1.7381115022473288,0.8833389369817517,-1.3974026727429947,1.566592707036254,0.5862456637378384,1.2019086969239372,-0.8855853204105155,1.157869781785397,-0.20987820811813448,1.3902333943234007,-1.0297474832402356,1
0.4696341880222331,1.7372301633034175,1.1981354604725556,1.3113321079590787,-1.164602281664458,-1.654109598948185,-0.5347446172319492,-0.8442958244053346,1.6808117291544087,0.9031118398921507,0.7903843105505427,1.694044118320151,-0.044052917751277954,-0.9953264118171349,-1.376378748428553,-0.5947346186052255,1
-0.15859021378782,-1.1552229326204837,-1.2413186855672007,-1.3603831232742398,1.5231643078481376,0.45200378279109865,1.3159632061475797,0.5962170926364334,-1.022079047395634,-1.7623270282456387,-0.6073116453098825,-1.0750201362049143,1.278715143735627,0.9105405021065532,1.2638739546957471,0.9769452365260881,1
1.4501028267252472,0.2628085653409259,2.2568217341044514,1.5954429664332597,-0.9993233487671792,-1.414204053619384,-1.0875425751368528,-0.9580988201943296,1.2203312784060238,1.7503304247300155,0.761950765278577,1.2813549187862807,-1.6462145813000566,-1.2068003571626336,-0.8116415760653206,-0.6543687544955976,1
-0.7721361927519764,-0.9155485537854429,-0.9315651910291072,1.19468789993743,-1.1188004412018129,0.9033586830597968,-0.765777133560597,1.0525559885601863,-0.6290128985840713,-1.2606298463248953,-1.2771853330913538,1.4001843401461616,-0.5554284862163148,-0.4041244372210008,-1.7125845306892111,0.9368054731917644,1
0.8705995681955416,1.180626141681768,1.8358297183243055,1.5354411460857345,-1.3920813710966595,-2.273002532310735,-0.8516137464578826,-0.6007159366257836,0.45538775406336873,0.9956052389386114,0.8681504670634607,1.0521431611160994,0.7276518564401436,1.6452554988139967,1.0739844403163814,0.560491556917625,1
0.6487707338380571,-0.1473439408172399,1.1696373557522517,1.6593531748574848,0.19793052889618457,0.8131976810452157,1.1787073101462051,0.5794690729986304,0.1359213401987226,0.6281435011066984,0.7154573347598282,0.05691932861481031,1.5357719850853162,1.7769577077277532,1.0147784303765135,1.3647435779533468,1
-0.08688976076943311,0.5461711458792676,-1.2615419983473295,-1.3647805390737955,-0.9598102998954147,1.6851582500696567,-0.10531277545242113,-1.1994980721111483,-0.8108705088410387,1.0409527063020367,-1.4908046322220287,0.2112777872979721,-0.31862021885187214,1.0945579248555173,-0.2090619532505061,-0.39394664364109766,1
0.9892230696245145,0.8396352184499798,0.9966470801073165,1.8496613452127657,-1.1301538885604028,-0.2590285604039349,-1.0735489920522423,-1.4286289909789565,-0.03862202205880183,1.2870650254335123,1.3840610596073837,0.4247325146503466,1.7384316691818347,0.30931161188392153,1.354219099707142,1.3787411572251116,1
0.6576851014112246,-1.131017610920719,0.7853280747526429,0.46344629295066153,1.9625565619684595,-0.6055526846077566,1.6077352710398936,0.38816536396961454,1.0904689135019998,-0.7394856553342981,1.1353782617749215,0.419813274466,1.5377500105653183,-0.9392249586074227,0.5225179821784985,0.07237473022366826,1
0.8180526996956766,0.627493898995402,0.5234879782637698,1.2248112522142167,1.5563437188077536,0.4761268574753116,0.6524161723417571,1.1281724888257907,-1.557250301666258,-0.8779349795830343,-1.1348445706528216,-1.818972952777124,1.2358152060039258,0.7194902115272013,1.5125242547502773,0.902252093039277,1
-1.6736716095797188,-0.8146472164422082,-1.3058650182092724,-0.8861230393705821,-0.5761810924652864,-1.475119360572616,-0.9539393589635142,-1.9052114408651808,-0.2337334546953619,-1.679533248444391,-1.2574098311986874,-0.33081004811802134,0.882738536959507,0.4013011568498499,1.3565366161432677,1.3452662310755923,1
-1.1401087061571216,1.2803924345637139,-1.018058037759459,0.6016721951010051,-1.3465559787291836,0.15712541125195156,-1.552591279129813,1.314189190195608,-0.3971148079784295,0.6947868756657811,-1.6874914795426728,1.568918665132319,-0.41628596297960546,1.3614793781292207,-1.7254658920400912,1.25755976455457,1
1.6181590898532023,1.164104484214382,0.3758626219851368,-1.2280208371429857,1.6046397694444967,1.1623716601755476,1.0595310391215382,-1.27700776662335,1.5942995902672175,1.8312062989111288,1.6315945615090164,-0.27870418927731366,0.8206468796169166,0.7499154513130482,0.9218274132504071,-0.9807133790118733,1
0.8698067004437392,0.1585273334973224,0.9244337109505054,1.4217299481543095,-1.1820493599424695,-0.9491271041388403,-1.3210488842439931,-0.4034524220917076,1.3723077911765316,0.5899627308290469,0.7390372105735629,0.6602540310839156,0.07018922309941067,0.6190083489369146,0.11356848778569795,1.4667898109174056,1
1.9582271605081765,1.456913328072775,1.7208230916711003,1.1443048256492463,0.5115340894547182,1.064053800996748,1.296210503693653,1.3519036911257871,0.763793927945829,1.2443932368911996,0.5334860145793677,0.4783612029446415,0.4421076443072576,1.0123129942783986,0.41108182246184816,0.7876278050644961,1
1.5173491712390164,1.4503242987567149,-1.0555706625975758,1.67737337282592,0.905228426187496,1.1023512621189593,-1.2871093101034452,0.8033948836087389,0.686491737641828,1.3437959283246008,-0.8118902514388737,0.47363064266437654,1.283224525212176,1.8964755281077097,-1.3300380167216956,0.6413707187099742,1
1.0313280724678984,1.2244837777851068,0.8712847379445766,0.49421486214780463,0.45250969094385857,0.6732003574091644,0.7211123187406185,0.43251291755037136,-1.3664065805518495,-0.6702707377803225,-0.17579369615275664,-0.6222691430645184,-0.34706945690659385,-0.512940765883151,-0.5834348358008278,-1.168898131528664,1
-0.791099831280189,-0.5073511656511331,1.1960589577770935,-0.5594603368735045,-1.372137354937034,-0.2882810382778831,0.8793734406422955,-2.024377014223556,-1.1947450518753187,-0.711659826377867,1.0411021681568526,-1.971006123266362,-0.892421789554223,-0.9366342571810498,0.5142830360387832,-0.7177427787529644,1
-0.20195535390287944,0.7277359415326522,0.5005923659052371,-1.621076675395805,-0.2034468892485373,0.48094650676948286,0.9862220317422163,-1.4886424160214844,-1.724177958979152,0.8538123234531569,0.5311066668294198,-1.3458142127116564,0.0030525487087018632,1.212448052086201,1.4657347597769943,-0.5876702185753735,1
-1.065403054382762,0.7166975230279081,1.0598395249329735,0.8974882666143005,-1.5353408045966908,-0.19019011207340217,0.538220339659251,-0.17980580083290487,-1.4349944904281977,1.709531256196241,0.07574189007313714,1.2244498930737653,-0.38865541061866365,0.2136655759958496,1.8971646020291792,0.9617646890762684,1
0.7303676443863176,0.34109453150492364,0.845469870711515,1.0409483376003956,0.01547680867457446,-1.647486987048043,-0.9701690531515107,-1.9071540606948083,-1.213381414419284,-0.8443023212939905,-0.743708423655721,-0.7054884601790391,1.1987020164434228,1.2902109700481204,1.0228695645013317,0.47606684700551416,1
-1.45503587818448,0.6226725165555032,-0.8460736127881668,-0.5954693895175273,-0.8410642160867758,2.4431644406087605,-0.37570626039174815,-0.6323122225227573,-0.650405810673544,1.043379442914623,-0.7476732797329438,-0.9012023088700003,-0.4745807272816457,0.8604302809438407,-1.1662895534427955,-0.4109658798593669,1
0.002884147254818448,1.6315140349084516,-0.9059502169236258,-0.7462435639588358,-0.8020509465283157,1.6921558765153928,-1.259400021185686,-0.6338661900358841,-0.46129175057391336,1.6076629852382285,-2.1296854419158486,-1.2996372391325723,-1.509585310650952,1.074794142785343,-2.008015109757136,-2.0228114454728017,1
2.034662343903044,1.4589652334266576,0.0809534735403663,1.702108080837569,1.1015766653028292,1.7029566937648355,0.8414603326204606,0.4688351592125927,0.3743114849374788,1.5306980216343824,1.3985891742041678,0.7040262187161643,-0.33504998951668075,1.549837404697108,-0.018762046511201724,2.08695557584278,1
-1.0201221373460927,-0.9580092112526227,-0.9631805535298802,-1.3922209593706232,1.21585289266074,0.8842959991733713,1.4651458546448093,0.9431865327403853,0.5694884467558705,0.2320676645672448,0.06796758747214393,1.6562546719772175,0.7711053235704902,1.1692870950408243,1.8916149458722595,0.7185978343510544,1
-0.6387711312352169,1.0969192685774198,1.107597445085447,-1.4615864576315134,-1.1468995376549986,1.078260233984239,0.9844045818469808,-1.2079372086984543,-1.2537522809821893,1.2177822377018357,1.2300985825075588,-0.5052936715086151,-0.9021080888391984,-0.03810734163317142,2.179145470433069,-1.0044007454523391,1
-1.0523280323895507,-1.3412343845085553,-1.4839591600120252,-1.8061788154626868,-1.0732591395057702,-0.6906957261948582,-1.8218170711099753,-1.012023912549913,-0.8594283736542195,-1.4947902018645722,-0.2889290942259559,-1.192857684519204,-1.0506298442282556,-1.0806347502989895,-1.885387211295528,-0.4956239641579781,1
-0.8309872513747526,0.4060247357121396,0.6476819020201836,-0.4767940164101566,-1.0877142242573488,0.790814861965148,1.3753375772509748,-1.0839084421723824,-0.385164836805122,0.7936498791500209,0.7148153425904306,-0.9917040403177859,-0.5176612708179742,1.1247565746893664,1.0517725704134508,-1.403693261368076,1
1.5193781448072516,1.5344446377720993,1.1448835721782675,0.5965389570951087,0.976995585643694,1.305645573619122,1.1172850099682667,1.300541369053882,-0.4938770461735474,-1.3242233266859607,-1.5775378104800697,-1.0187694006861208,0.8351284205650659,1.392923206578075,0.462750805170596,1.5101909370888396,1
1.423477154167798,1.0346180598144374,1.2213797901944043,0.6487812994787353,-1.0095096547944367,-1.295079202893464,-0.8587207797570802,-0.30513605875739847,0.9715316443259694,0.3144524068819563,1.0981381287148944,1.352717873370429,-1.4590132211297857,-0.37907942242089215,-1.2981696738745758,-1.3801176084015991,1
-0.7476093195424645,-1.3379391821761557,-0.9148985876932304,-1.2566887437573246,0.48459236127496685,0.8306284941142945,1.3491327682460477,1.0219070964158803,1.7253549620672115,1.3828902697401373,1.3293454069528092,0.195536725277198,0.8574207349223608,0.46781379478290014,0.908498560188048,0.6533619380384216,1
-0.9391390045298682,-1.0379315464966836,-0.9300263043380753,-1.1651247611647004,0.4993222111974261,2.0295740963762534,0.7968378860154944,0.238761173894778,0.9222967953470782,1.1784366566589457,0.8961021979139041,0.9756279509577338,0.9180485449874147,1.212768396348014,1.4094889289673,0.9037679982639529,1
0.1946528525413773,1.1931057773312514,0.9726765276177649,0.9217476756995722,-1.2734186228802324,-0.9566062868629792,-0.74509104577652,0.1953240671679244,-0.9438339658063976,-0.2444294199936634,-0.8211224582865617,-1.0497641638238766,1.0742737638556463,0.3891318151537453,1.1529301353760188,0.003967467589313768,1
-1.1334202709103183,-1.2693798127454805,-1.453369481651818,-0.8126580242854222,0.79161836138917,1.0839239180388915,1.463883945519088,0.7791458145944385,1.3225498881004158,1.6111646027762008,1.197590309786678,1.349783307425772,1.201319748909006,1.0081310173445572,1.4185691688590596,1.8046070723169996,1
0.8371701597031995,-1.351270814775813,-0.7577114036028858,-0.4789358456927784,1.2365039774837023,-1.2710578933414411,0.8056750314078347,-0.40071316456687384,1.4666711521036264,-1.176482115371102,-1.3125828941445197,-1.1399195379214695,1.5407032721962417,-1.495302168537914,-1.5341019157271585,-0.7302262333194909,1
0.6707656740322812,1.8183218624036943,-0.6951446221816444,0.6292609101269677,0.9468210012851012,1.0424860307971935,-1.0528229404008391,0.8538709872299376,1.6153008896327088,1.2642020672951575,0.12665596843108595,1.6426919282621446,1.0681557935810553,1.7085535454475484,-0.8235867011029496,2.2091459102654865,1
-1.8842928349567405,-1.5128967924628705,-1.1592017870270463,-0.6363603120314203,-1.0080369430810372,-1.036032105250257,-1.493456313501658,-0.9884169599689505,-0.34044948627700605,-0.9222124436207216,-1.7536567907409308,-1.6257613971522655,1.2943944386115764,0.8878422623886901,0.9627098849482428,0.6936329124926215,1
0.8851004129736042,-0.8431447100192939,-1.4555627615961888,-0.8194473208817838,1.0553358048153791,-0.7299239638245119,-1.52033071933211,-0.00802310619260771,0.4303260129157544,-1.312704717366324,-0.7425127538847865,-0.9410959663060462,1.4234594460939138,-1.15495700762346,-1.6133994929698412,-1.7625302353419328,1
1.3754160546734076,0.015658930958306505,-0.12175335916234042,1.2439334168480047,0.5240355761618736,1.3901112373007178,-1.276522503858468,1.1502080497756344,1.102980358104542,1.8720840680736472,-0.09253704495674377,0.701367313363247,1.529052808998018,1.1774200777851487,-1.706341033503456,0.65188580981391,1
1.919169251314612,0.7705721959058781,1.1760257554759137,0.016680533643322448,-1.3035297424173726,-0.7121253908416505,-1.0960426179215237,-0.7740598792425584,1.4649385479234192,1.2801299306664924,1.1654113626493188,1.0954301538262672,0.7158972128959208,0.5381488722560619,1.677807188686982,1.3962067676424719,1
-0.6098022027074076,-1.51273492219913,-0.08308763550001273,-0.7502496015155482,1.259751407096713,0.1689863109947325,1.3972723991066565,1.2532051706895686,1.812095663861032,0.8443673928478233,0.5061708352007792,0.6588805026128335,-1.2524891175036494,-1.559423259065687,-0.3549199881170034,-0.33615106853416665,1
-1.349729861269526,0.781331696307393,-0.7486243846677414,-2.1454907191872126,-0.673365698145692,0.7453215319383093,-1.1704494634941651,-0.5143522006039094,-0.3275559489805344,0.672442211772798,-1.3309275471818458,-1.1771111488903176,-1.3333898989356556,0.28245493607610783,-1.0157109499519712,-1.3299893658365065,1
0.4094974957845274,0.7495043651347914,1.0643818681742163,1.3441204754126699,-0.49655821065887706,-1.522858636981164,-1.4754226672295347,-1.1616311296937447,-0.657753487651552,-1.6300039488261275,-1.3036634552088486,-1.296371864705974,1.4708744276821855,1.2641303803322188,1.45185918052496,1.6693389871165272,1
-1.6776879421625723,-1.1891887873636255,-0.9843794385110263,-1.5955409158424207,-1.0863386685146643,-0.6578977964346668,-1.4993629643718396,-1.4092288366570207,-0.40952025057290087,-1.4636501074625992,-0.8288624292697119,-0.38037233526825026,-1.5907471277856091,-1.553341012412529,-1.1157405347855471,-0.9661998518837752,1
-1.059193918672114,-0.09732277043703795,-0.706795495015049,-1.4617078124951774,0.7612000243131742,1.0240960886299149,1.6497156075352275,1.7055525045560676,0.8019326398172177,0.5331828917052785,0.4692511793969063,1.12621437860789,0.1518921546087466,-0.7304529478724489,-1.7969562633420035,-1.3630020516230004,1
-1.562813556028416,-1.2704003458527835,-0.6080148368810048,-1.282903730617707,-0.767985730409659,-1.2790296801586332,-1.5920988983182989,-0.4027968382895381,-2.0651813854258725,-0.10750862165958965,-0.5010278182803514,-0.9086434226029917,-1.222939668113414,-1.1839690634701496,-0.8987685907903731,-0.907613215856872,1
-1.0419554493920016,-1.0151063633921416,-1.0167927023835948,-0.35111309310441563,-1.5540266634147213,-0.1120765526044023,-1.5881909272577563,-1.3271101306638795,1.3723691348576599,1.5151583477368356,0.298250491500756,0.45364906837645697,1.138921404735924,2.172209693881898,1.6231313904993403,0.8759514751840948,1
-0.8707652183636819,-1.353720040111274,-0.351116820387704,-1.156141567064927,-0.9099853566811416,-0.6246638847833104,-0.21840092337148173,-0.8155572492249092,2.293641285211605,0.9552259422448249,1.1467830669472816,0.6906761847030198,1.1612954671315543,1.1485749579460391,1.5228514459824831,1.22225704632832,1
-1.8025852212207665,-1.4559699734058322,-1.4704267647910907,-1.253672597992018,1.7811221053191455,0.9212190222231113,1.1208834449421547,1.1366598222559636,-0.2062095435788167,-1.2877927269226457,-1.1112610401290308,-1.0530996858870916,-0.431732572112616,-0.32794715312277256,-0.7627080901530277,-0.3835453129690601,1
0.7793097457383024,0.8951471391905934,0.8739305254443716,0.20065043717574493,1.6433275702739236,0.44041908284677617,1.1343606971859648,0.8344538444380412,0.8807806318841542,1.3387712032791528,0.6098413696137672,1.2282899105681433,1.2330608096249316,0.6122026187552609,1.4555814389398227,1.6837147871305647,1
1.3253054480530675,1.4919634546031115,0.50217879637792,1.097303799230512,1.1915951926886637,0.7999319683487198,1.2323976347219827,1.6158471502170029,0.7891154561170467,0.9727878498143472,0.5897073520730277,0.10650549509460384,1.3894660902602551,0.9871331025803761,1.0237897085763938,0.5066131909132365,1
0.3634431690107833,1.0268925629416352,-1.7473735613097967,1.1525206238918495,1.2821376053245164,1.087918258272237,-1.3481669723479857,1.4392810488366572,0.8003182543413722,0.9058218867620496,-1.2548482344479428,0.866041909323631,1.935624459165293,0.9975243632690419,-1.6348133809811272,0.5203749014493624,1
-0.1828627570117346,-1.1495975750846608,0.8192433864465662,0.7960505377281758,-1.1595822416090844,-1.3299770065732988,1.1354941073436,1.0145520335742055,-1.2549572509191362,-0.3744255434905488,1.9482914612431537,1.5832886027867,-0.7209379934583025,-0.6191151368681129,1.9282077589131676,1.380159657879712,1
-0.8494135285562566,-1.0284729073191963,-1.2039034862736016,-1.6949995747901292,-0.6782212864884225,-1.0908414305040999,-1.1233414328225149,-1.9062795714091352,1.0463506841507795,0.3183126639685353,0.7826851085588618,1.3963514748271173,1.0316385099550656,0.9473101277614214,0.6366916500324518,0.7262293017774474,1
0.537722390265342,1.4671643733629987,0.7609066513831501,0.9984120716164344,-0.8527036895283138,-2.0504906052497995,-1.7313586677136494,-0.9568334906064185,-1.3621537818919403,-0.5017093523626889,-1.8030604404340624,-0.7173724718710065,0.31188938979783687,0.8239475029277856,0.467811117881018,1.9512149402355987,1
-0.13036027861371102,-1.5170324980705803,-0.9801511774092072,1.3124815363967923,-0.6586419595354289,-0.6123197488897073,-1.7963832469887488,0.5413040073683599,-0.932071075223556,-0.7594167958506901,-0.3714358458695128,0.742990542904439,-1.4524969967470664,-1.2734148530554295,0.1297160675493083,1.7502140148673213,1
-1.2501079317968786,-1.6364966661156355,-1.1873919250191955,-0.7640941302469275,0.6977099561729272,1.4319210468193908,0.5716936782249944,1.4426183068249891,-0.34512141706298194,-0.4932369324545072,-1.1720945259148865,-2.0627267989720712,1.2910834983686739,0.937382642642348,0.5108035299363234,0.7218604675647948,1
0.8103550932069327,0.10466449394473964,1.1530840493822287,1.090875270379298,0.6664706379971523,0.022468478639246503,0.8642228936147397,1.3832778979790716,1.4585836678691824,0.9779077014116566,0.6882632914547621,1.3672317326625432,0.43149481468341067,0.3226057413313921,0.9557697770738195,1.7732235078574634,1
1.3417086156194455,-1.0147390575109687,1.8073646515034425,0.6595165820435103,0.5643955104834938,-1.3007557573849295,1.2614356334571493,0.6189474033061637,0.9223135058910008,-1.8009276469423883,1.240548832714122,0.24144831640844544,0.5339194725673191,-0.391416432551678,1.590159158493055,1.1871565447732488,1
1.313193016550146,-1.2667794738755451,0.2687795553280179,1.2995156401275476,0.5386940822665918,-0.5594899079721741,-0.19261584157812703,0.9970228112125776,0.6160334267014762,-0.9778392406666065,-1.306398518230581,0.8708425317132081,0.30557831588526607,-0.5623925124183071,-1.574639530351412,1.3040809647161191,1
-0.9232894022480407,-1.59981047582034,-1.448387622253576,-1.3643295705168912,0.052496553201113016,1.5637389293659645,1.0550537928781645,0.43224097740550255,1.7278374287291784,0.6493359499309184,1.1252862445374356,0.5873647274018992,-0.009130076664513929,0.31777972057436965,0.7757547845667844,1.449148435603024,1
1.0950815972377543,1.226660249875766,0.5888509438803227,1.9202836875690548,1.240471819137768,1.3883261215962204,1.3589945706541475,0.2183462979112968,-1.057385033572256,-1.0081186509813551,-1.1271796270861563,-0.8962709932007945,-2.0536491473685294,-0.9359570558950177,-1.1516577371625658,-2.0580205581660476,1
-1.0272966330563569,-1.189201252958724,-1.6440553650337635,-1.1500778001113827,-1.207363940673163,-0.8411366493952016,-0.9164910109415196,-0.603969948960329,0.7577117282474688,0.06979424890175279,1.49554643829902,0.5319837434759097,-1.5534585265076275,-1.021558272556876,-0.8488647435227414,-1.2654182028573413,1
-0.6115022567011231,-1.2601398301284379,1.1718623569438726,-1.51850734839168,-1.0882790266081328,-1.2147965623791523,1.4658886327625635,-0.7685787104651147,-1.3380336166848104,-1.2882466684642453,0.9854750237426682,-1.0806434168371006,-1.1397617483519746,-1.1759773646278633,1.6895934896923954,-1.2259601415492531,1
0.06057154312842528,1.0884796248699167,2.1751695600771512,1.6354061148284564,1.5582821345568991,1.1228014085289575,1.179761580140161,-0.21187365913898873,-0.6187447096180014,-1.2896702847879076,-1.3508636732979435,-1.1616284765243037,-1.1785022447255071,-1.3588177959858312,-0.993063963912012,-1.2791387981040263,1
0.9265472874806625,-1.3177488704000713,-1.5201591488726627,0.6043792613013118,1.7354114363489703,-0.13175699807901764,-1.523172467378108,1.2004546073109552,0.540503343221876,-1.3391618596953647,-2.024615859767264,2.0659142338995142,1.5491592834768468,-1.3258424619124152,-0.8575803494067552,0.8000091699958611,1
1.2433179780724055,-1.5808236928185706,-1.6001602260986583,-0.938322603896418,0.47323868984198425,-1.0665422139603435,-1.3499282798288783,-1.4308318516863698,-0.05115269567247016,-0.9302184235893312,-1.6235949960564644,-1.0841211017652599,0.7439475508257174,-1.1032540293499415,-1.0748376870066303,-0.9031858745408683,1
-1.2413354359709892,-0.6109515174259053,-0.6090783433782142,-1.555404311877772,-0.73652689048284,-1.57436431410465,-0.8838449775688398,-1.3921285929853022,-1.5075562681406522,-0.982375621300774,-1.3617573488408978,0.009290162305760408,0.6911116919431194,0.40402175667746265,0.550570913946189,0.9913096335391796,1
0.22082177763974,1.3384414100766084,1.4569448707629764,1.4782482379207682,-1.7829281923271891,-0.8427236020713078,-1.3343770592607576,-1.7030712209914505,0.7930661375131458,0.5475110040495954,1.4603752340819347,1.2565316715067847,-1.5762222340544338,-1.3621106569154646,-1.190348712808312,-1.0362025736589486,1
1.6899007765939564,0.6649701570673301,1.909313886017784,0.6305617518221938,-1.825565236815544,-0.9438192321280726,-0.261891740985133,-0.6681876408393848,0.9631447429349372,1.1456815579918855,1.2660660039179972,1.0737836472774471,0.8523213236559025,0.6296276905554776,1.0561609343180558,0.9387247845405184,1
1.970127146740956,1.0317566306402295,0.5916295669385441,0.1852303500173914,-0.9700285553014156,-1.1302442664066763,-0.6084795463567785,-1.071685132485984,-1.5968593911343631,-0.16464085191120947,-0.782187560246407,-1.1270543557991792,1.082319265724869,1.237020978280829,0.28557169305328245,1.0788471099814048,1
-0.9405424668127194,-0.7358382717394681,-0.7822730210986083,-0.9339441334459374,-0.8994172058442419,0.2678368206392345,-1.3612156499713393,-1.0184265437488056,-1.89263788489132,-1.1914567927844812,-1.4494004353616317,-1.3649279909691858,-1.5928821742447148,-1.6760606602881776,-0.9388454045060369,-0.6448334566622613,1
0.3466603346776041,1.247220461746803,0.49765536056254256,1.3233071509944667,-1.5829600014784804,-1.3437383132017626,-1.1806958202839575,-0.6627975994715257,-0.9120013739363024,-0.9899993389245376,-0.057165607472347335,-1.9184915806125729,0.4808111786497245,0.45940576098050434,0.1146738450388628,0.6402402435569863,1
-1.5471757515671916,-0.5347587745382373,-1.9163531064782875,-1.198583086928121,-1.2316913540238643,-1.388306040320704,-0.3869689831775245,-0.8493760534907232,0.2959358410747238,0.36827573762608057,2.0771137040526764,0.7615665986382651,0.6019755749828828,1.5782282438836337,0.11144598930622172,1.6935051975053974,1
-0.759129483706187,-0.962049488557816,-1.0475210018464602,-1.473392031873098,-0.0939297063461172,-1.7316968142526143,-0.7938730129826578,-0.8116717039463605,-0.42282185692378726,-0.3059549838103609,-1.068694299708388,-0.7348028470376236,1.8824368552262547,0.9674116165388738,0.46678326246741175,0.8077659436502893,1
-0.957052027175258,-1.1894022370420263,-1.432352464279984,-1.8900683739479232,-1.395888888259003,-1.090299847380564,-1.1860004702575495,-1.7100769010467864,1.0107070322474394,0.5072330792004041,1.460945027407816,1.5345647180371496,-1.1285392320669108,-0.2119370212946724,-1.0704817676562504,-1.6502452019501095,1
0.765740035369974,0.6031477102488807,0.7583583028512065,1.7160048356843127,-1.0683093457387862,-1.664037516377356,-1.755873269044082,0.1034024660272348,-1.1116671847170512,-0.7827107495172909,-1.3856886131698047,-0.839507015364292,1.729664825800766,0.6738684081281225,1.2292933899742913,0.297126862054806,1
-1.0125682234577031,1.0191472436260227,0.8836989841379673,-1.1486616058772907,-1.0107810589443502,1.7196011321597144,1.2645414908648802,-1.0654447531515567,-1.5409208141867268,0.7904848829226541,0.5398779845491858,-1.39829314379296,-1.935223786488168,0.9943538886170056,2.033863569650498,-0.9019155007668933,1
-0.011438078614544713,1.158217841713226,0.6028590764324826,1.5474847848480395,-0.9929831330590744,-1.3497913482486583,-0.10108063345476424,-0.7117767536984974,-2.827543257552053,-1.2431958843954332,-1.6920444960062115,-1.399898968860154,0.927633800540732,1.1770242542937728,1.1306828710567869,1.5389365382824007,1
1.1182333379655218,0.4378462968393232,1.4429999873874175,-0.01870682667682844,2.259854038688154,0.9812355174371784,0.5722741441155498,1.3088641210504979,1.3130768569115916,2.023057098834216,1.8910881078341213,0.33508358477179606,-1.1350229722780187,-1.4548271740103242,-0.6289224128609139,-0.2924971235879775,1
-1.7824579620800356,1.686181972632585,-1.5515296320655072,2.225856312498645,-1.2446661877311027,2.066632340780928,-1.684335534260029,1.5127467931331264,-0.7501368635076748,1.418873112777576,-0.5159886466618697,0.7511274288594141,-1.6544219210014992,0.9745411348303911,-0.8884848712074329,0.7640776894222476,1
1.4632240734124928,0.7977351182260952,1.2114672159226014,1.7503076935675093,1.0226452236474335,0.7529536668619843,0.6893082766261323,1.4245771520401032,-1.120212567325177,-0.8188824802225075,-1.144031944935084,-0.4130271711493034,-0.9248917928732509,-0.2859153668833573,-0.3042279583259576,-1.0440724594822088,1
0.9009863902012989,-0.8566575900628286,0.3627448953475364,1.995073886909138,0.5740970009086651,-1.1269504813704379,1.0494932435201254,0.94628012258152,0.671563358853303,-0.30283047397265583,1.4751396417441398,1.1610236021628466,0.8002234720016249,-0.4678620640777647,0.7677656836112173,1.7851959201689078,1
2.083508536242293,1.4954078887453524,1.2559781047755567,1.1197773106981799,0.6696334238040669,1.3366355224800743,0.9666486872671379,1.0287602114833183,-0.5545147377465297,-0.8577736711858346,-0.9909246169196101,-0.2821758572906663,0.5905648402192996,0.17256160557297617,0.6020011416903228,1.0760209053826373,1
0.7267394196457105,-0.9902529883615718,-0.15100609006759935,1.4230059692103831,1.9039664194762351,-1.5325087746073205,0.529833906245216,1.2204399491187412,1.7369396452533727,-1.0010486586914724,0.385340989593748,0.8956913816810633,0.4850339598441037,-1.3344231464343883,0.8479794504233416,0.5353377058791864,1
-1.2677709916335487,-0.6227701383348483,-1.6509038673651732,-0.9100348440943304,1.2406372273248591,1.2898036750689659,1.3534333918707744,1.285952505899124,1.3596329270656256,0.5595988345685585,1.6828368422385682,0.40771815645046977,1.1851722447246589,0.659554213390058,0.14109313395767242,0.7149450744997519,1
-0.3711307662481701,-1.359299201173766,-1.1872274573506896,-1.2324565377780115,-1.6667160727247843,-1.4744159358116715,-0.5094252402996076,-0.7480560643102998,1.1365444292649445,0.3324266941695707,1.0503516070169887,-0.15192248474401082,-0.5785986543697336,-0.8707125496314291,-1.6726162260499151,-0.19178722125497996,1
-1.6733043134447028,0.779789936212828,-1.6667056930684192,1.335898472593124,-2.7207896235925912,0.4159330379038232,-0.29323509745207654,0.8891407530941087,-0.9080353368642018,0.9355401459969048,-1.313659160226522,1.547596549792764,-1.2859308077966023,0.585759220106494,-0.6716190108137439,0.03467388263273985,1
1.3474574054556951,-1.2503772093453516,-1.6669833154939455,-0.7182732391993805,1.1329248242541423,-0.8356702509138427,-0.6870806712321451,-0.7716792363460273,1.014364346235652,0.19572633142604645,-1.6424843731509773,-1.2932086392442792,1.4836671823390835,-0.9287068539522128,-0.6210384829943807,-0.9151217852315642,1
0.7502262322253959,0.8049338239441594,-0.23672294683409187,0.46741596713415245,1.6092245300595691,0.6975717463359299,1.198794186425599,1.1203633047283903,1.6203430825716711,-0.010191135149123731,1.1763150474213704,1.1681836963834291,0.5711012636804987,1.4801233912327063,0.3004823517047209,1.532267923615196,1
-0.2995095751534748,0.40283041769036254,-0.6127183478087705,1.0589750854462707,-1.0947213887630896,0.8649199466939129,-1.3190315046580647,1.6475980884503842,-0.9936935828238788,0.3653892348233899,-1.19198010101742,1.064169513601469,-0.5510973592773373,0.6976901397413964,-1.2688882779022739,1.0117160635737024,1
1.4261467251503364,-1.0293455764646573,0.30844357442238446,0.7175599766376233,1.4210479839492178,-0.07281218655159305,0.3885336226770528,0.3556139924057692,0.21304828790086447,-1.3835249568468022,1.4737805928190415,1.658095585158213,-0.03932845817912512,-1.6025872602418616,0.30388599352416606,0.5661618560440833,1
-0.707415627895406,-1.068612588279268,1.144727474429568,1.4664508305547952,-1.4981495072726672,-0.867582001741009,1.3480211567039455,1.77239867319213,-0.026054510099119296,-0.9650701015091192,1.569319474843567,-0.33508396668577345,-0.22385854531164293,-1.3629418308604015,0.8794512755060545,1.2205522421835107,1
-0.1278076909120046,-1.4105400048571408,-1.862039849312476,-0.811844585133323,-1.577813061257748,-0.7141158685139959,-2.1026724183403305,-0.4563952691143015,1.0766401736053035,0.03933075918488993,1.1520413230163515,1.047480744576561,1.2614466047145283,1.4010068013649855,-0.20815605483677316,0.7643962208859036,1
-1.4682491566913807,0.5269861270051934,-0.9207166522656952,-1.305229132863888,0.07900950542859797,0.47118553488259696,-0.2996766565712975,-0.8901235224362253,-0.5966129821438055,1.3730097973679347,-2.109117765156208,-1.0057763394882786,-1.131114068616916,0.4335109526543664,-0.7701869813920658,-0.14172984206126427,1
-0.4905339911082005,0.4884481967924418,-1.287157126956298,0.275470017596966,-0.1722418876666656,1.9990557679176804,-1.3036494373876035,-1.1455532887974376,-0.8906671887040547,1.4341986148437664,-1.1709919926086882,-0.06081339826544507,-0.7544071366075723,1.7454655579960254,-1.3899948285060804,-1.2094392861469143,1
1.397213344625424,0.01850404617363932,1.1052853761669708,1.0262390285852254,1.1065401979857774,0.9561882268728845,1.215927746730808,0.7126985392329923,1.5647617147268147,1.236824888706737,1.0753429289419303,0.65124171468194,1.4076584426039527,1.1033298492472456,0.6222583032315417,0.9716692287933808,1
-1.1490302303571,0.9727779545259877,1.2396208099272952,0.2757769088392983,-0.8156784297751266,0.654279312304272,0.40694486113593126,1.3974570308546224,-1.130393093686197,1.1099934841407544,0.8818125880619124,0.6916779481069966,-0.9412147807595255,0.31887587640213355,0.951880481305628,1.9903665991425716,1
-1.0460870400266515,-1.386825455933862,-1.5744241340833385,-0.7493316864095683,-0.4725496412013183,0.22249065033320073,-1.2168564533455113,-1.1763277434320372,0.6143853527744914,1.5628637146867836,1.4074937273981323,0.5615327090627369,0.5489009565135284,1.4762573792979488,1.191598075604204,1.379194356505572,1
-0.7330313009704698,2.0378931106209976,-0.528184591091551,0.10599909976706812,-1.1951920497051458,0.3461925799059885,-0.2478459986488116,-0.914097754641998,-1.4465286523414536,1.9361604203598604,-1.3030345895481985,-1.5598949376677238,-0.6991947587062204,0.34912593904429545,-0.4888246555017833,-1.5761561559609012,1
1.4875220273614331,0.6981294534168683,0.4137941960831285,0.9274327084893292,-1.681732508092731,-1.1387242546754877,-1.1403187396567285,-2.231842061952781,1.2653175818722548,0.9086551166593395,1.5909482263859676,1.1077659898970411,-0.6321957148422259,-0.40498062339647833,-1.0658585413853732,-1.0004115944319507,1
-1.0551086386278024,-0.7979076790409435,-0.4162694051443149,-0.9289984473817534,-1.441872004230166,-1.2050384193079553,-0.729996947548933,-1.1475550055367272,-1.2336504884409671,-1.4659998887650407,-0.40325884236851833,-1.0607887588761609,0.9423814556996841,1.3399448373530403,0.31881998305725834,1.0209935626005424,1
1.0151893382064792,1.555688044494628,1.703605510739198,1.2911564427622413,0.6260331890610312,0.9346071407487797,1.619428017029187,0.25118606696524653,0.8040231659106957,0.8285175817766278,0.5673946998231332,1.4364394749593932,1.1884075355203885,0.644470821699754,1.3027564601179196,0.9207918826658911,1
-0.9243262162434643,-0.9232048718276221,-0.49440958660604634,1.2496623071137383,-1.2459733392099008,-1.640036453673429,-0.5587045869603873,1.1658355504292979,-0.5153886004035872,-0.7706186020129128,-0.09751873845932246,0.8918100809108829,-0.979295866263345,-0.6047646340825381,-0.5684920983810653,1.1635479776962996,1
-0.8016471542430416,0.9031708598531047,-1.0425880461355008,-1.4316063797305407,-0.6327353907877562,1.827521110734366,-1.4238359746075175,-1.6985275115734864,-0.9899983900862681,0.985672169482368,-0.41453360693982,-1.614597476189266,-1.2689775875120488,-0.07385161963342644,-0.3125081818940887,-0.8747276858383181,1
-0.9590084306314052,-0.5256318627861344,-1.0391575551480838,0.48067279323596074,-0.4175566857304784,-0.3054826622259008,-0.8157101506065507,0.509103824863565,-1.4388636318433996,-2.184217217856016,-1.2960637376206765,1.5327897222427835,-1.341984158723027,-1.477966310452555,-0.4885577917155065,1.5756398443137516,1
-0.488159575418697,-1.5619413860661022,-0.726146903418428,-1.040308182407541,-1.2803124421876007,-1.0514157531596455,-0.4600084151828992,-1.5961287044968948,-1.2060782775959082,-1.375871782343594,-1.019308566774357,-1.342340446256327,0.11595937880669283,0.47243122653381886,1.818877509269056,1.1233641056431363,1
1.0443137313842004,-0.7260486034999266,-0.968326036177444,0.3838282038346144,0.7581637000731923,-2.22082429374528,-0.9980670325839501,0.29205363146678,1.2278304704803904,-1.3267111893741175,-1.373757411750046,1.083275128801704,1.130128281811826,-0.5643578490572208,-1.1306809583965571,0.9471092675609271,1
-0.6412347417996604,-1.4961348565639971,-1.316498516148146,-0.5281999736027003,1.7427002617852108,0.9824840504235752,-0.3936444626778901,0.9004753586957724,-0.9837869410887853,-1.116386688346586,-0.8318307191672346,-1.238454963798661,-0.5805645696609864,-1.5833566363655207,-0.3815756463229295,-0.22496058801945373,1
-0.4036612361292534,1.2072227251660927,-0.3134420790667566,-1.6338100948512713,-1.35702766165364,1.0468617731633687,-0.41370473345134257,-0.7726002721630982,-1.4741689907537507,1.8881711559378744,-1.1473535890568256,-1.4581672531295171,-1.3875486968976911,0.33387972727758897,-2.1236515548121204,-1.0582967110528638,1
0.0990697597397412,-0.9417740111463251,-1.991313164099754,-0.523152433682113,0.8840407975704909,1.0349533272294118,1.2789315149438072,-0.11268897845285708,1.003268423867598,0.7951530550236523,1.6109174530027595,1.3635568816693715,-1.813500961390773,-0.36868707382547583,-0.7752374559198942,-1.773620798726609,1
1.5008227098301787,0.4792366662600284,0.4344382566197511,0.7425077378174804,1.4981290358903672,0.8161380297143676,0.5791942110560175,1.6063035266457444,-0.47902505307940224,-0.166466925821264,-0.3243347264461732,-0.4705419820523583,-1.3756208603838527,-0.67048568675371,-0.3926823629681736,-0.07210087871267334,1
-0.7248097649234893,-1.842112398765078,-1.0445002683042353,-1.278946129951828,-0.8738170379084632,-1.2077741357213219,-1.137972888046653,-0.7704830475466482,0.7839309432156119,1.0607957697870063,0.2402940545628468,0.5837992616199705,1.3280217836014803,0.3849039416517628,1.6228625388014983,1.4871996776506604,1
1.158601118577923,1.8948153483198595,0.4442122921941464,0.4265701640198077,-0.13548263956381779,0.30460969828336654,0.9243477153881527,0.6379834495071065,-1.37269079208043,-0.9885355139487173,-0.7088469757485678,-0.9937474923281856,-0.9866507954820714,-0.7981953936854611,-1.9163545425415556,-0.9355027063826528,1
-0.9415615150407168,-1.1027146647466024,-0.014324675499354789,-0.16670532831222873,-0.5673125147017177,-1.2933470406063292,-0.6611167169095983,-0.8674968204658479,-0.8793383983503047,-1.779114924283935,-0.4691023307731768,-0.9460958358443826,-1.0504206737722876,-1.3000782475044137,-1.3968082498266887,-0.841370709360509,1
-0.41923902124039775,-0.6448607304119616,-0.7233609199372815,-1.1113575401781888,-1.0207532970350464,-1.134348711516413,-1.7934676320725695,-0.6761566407445985,-0.5736605218339468,-1.5751652167358408,-1.5756237937987887,-0.8241163991540738,-0.8285256179455552,-0.6336620473142576,-0.29321348278753767,-1.5289553068097275,1
-0.8075145093401513,-1.5035154324262627,-1.4418616490934208,-0.7810639275253223,-0.32898233451213565,-1.0114068470239614,-0.7481646132689138,-0.6209599948513299,-0.5847474056832542,-1.4767623629183193,-1.388505115102452,-1.3450372969717674,-0.03568309955301785,-0.745903530414048,-0.7683421398074916,-0.8168821234081307,1
-1.5093321483044544,-1.3039801031004767,-1.8275674826893349,-1.3157161151937191,1.1028907188862123,-0.05807311999306353,1.2185224975644056,0.7638278167734607,0.9686631187455212,0.41556400972941593,0.9488696064652883,1.8395998324685416,0.8000979173901683,-0.1064684897321777,1.6068861393154128,1.2712239233606475,1
0.08086513280130547,1.0547911252191793,1.1485006471323644,1.540177900636822,1.909818285805784,1.4538627598543497,1.2202398986936085,1.3380941357891731,0.9159965967752162,0.26856108159628533,1.02074804311143,1.1826451637294528,0.3981711870440385,1.6633108197499706,1.5027055077412155,0.31411929235606534,1
-0.019140202509727144,0.9685689185736451,-0.551214019905127,0.9012035196835264,0.3150308477365166,0.5473860845290888,-1.589629000147724,0.6938177816360572,0.4203097746920282,1.073389506364494,-1.2737907033065239,1.31671611345938,0.5117610272666849,1.1276734438725635,-1.0187995764309767,1.1980144721206385,1
0.4212775238170221,1.441128754804038,0.2874666124278372,0.3149311286200536,1.9819996179942168,1.555926684398312,2.0368320877168777,0.8148929846960447,1.0512143320390044,1.2636773733761817,0.9939022167030528,0.6269319896520478,-1.4480423489400245,-0.8930688835855252,-1.5334299208311524,-1.547431746183426,1
0.5635200362495288,-1.1782133491138975,1.2107410333595168,-1.2896514531124483,0.7800244222143171,-1.3260251192309611,0.7161103108732918,-1.581467761595218,0.8713581806630866,-0.46788309280804496,1.7914046356681963,-0.3750923560700994,1.06884781393699,-0.17057497649131814,2.1514297165836767,-0.9093611005282216,1
-0.6922803743543904,-2.0674609453805055,-0.4238833072176922,-1.1608501559667992,-0.9367015272649056,-1.374186148210241,-1.949263205111286,-0.38265236040286904,-0.33214930252264296,-1.1757438826018487,-0.6690352176329961,-1.195445710105202,1.1442449221331232,1.3795695994600548,1.2775424622869367,1.6704848067046727,1
0.405434599220612,1.21648295875743,0.9102244554533123,1.412489532225048,-1.2252747102940362,-0.6856089501848412,-1.1919281047410517,-1.081352420442912,-1.0339951121524171,-1.85015079110032,-1.0699924097182003,-0.7189285885546255,-1.4940557884426215,-0.04493865336735392,-0.9975571295349032,-1.3134010887859755,1
1.1688801599676553,0.6765285902059167,-0.7849933099882077,1.2156660931765235,0.5065403083838343,0.5494238286829563,-0.7441784682652126,1.0117022553720652,0.8901890796341979,1.3289934148874867,-0.6341407620689341,0.7351849436491487,0.57397343117875,0.36904051158117906,-0.9832729398992575,0.2884198614257176,1
1.8271421272326167,1.8947017821532623,1.0600003715574808,0.8999591701956199,-0.9885279559932707,-0.5534745074313212,-0.7736953251776151,-0.8803858997137507,-0.3088349598478095,-0.43453060371907454,-1.4799568425197764,-0.5563020840385556,1.5758103034070823,1.1391298493145208,1.2995167086418573,0.8462809594549123,1
-0.532325090362634,-1.0206103716840587,0.06350226944649773,-0.9349565318691309,0.6797428878220098,1.2099373113958836,1.1619713903591349,1.5690485470552236,-0.7759736006975374,0.23753231958465149,-1.055702067701136,-1.0498099748902368,0.6980569749734729,1.0428341691770884,1.115529560541477,1.1406052649779388,1
-1.6337484579547528,-1.6421317049760868,-0.8026455261984519,-1.4140106499031877,-1.378881550211438,-0.860606430887817,0.0188262487861508,-1.1987205473088067,2.0253393366636487,0.9618718518420348,1.2819266025304967,1.479858088915568,1.5162587366003903,1.1695323542260279,0.8851571408996448,1.4140334922917728,1
1.0800554453197984,-0.621844354655296,0.7465563250663888,-0.31402397466042187,0.9653331459253491,-0.6527272240209084,1.5977032494614696,-0.44243784225251587,1.1804142042008983,-0.5903265468087273,1.8708303319861432,-0.7431993830126522,0.6351767989692101,-0.7084746345180575,0.9813593909902047,-2.174000567202172,1
1.269803417515496,0.34503784001695137,0.6701809727400417,1.005354704719709,-0.4871794516768565,-1.7602149260720596,-0.7530586521452535,-0.6343436088021804,1.4411832121212467,0.959955878281572,1.5246199359792099,0.592493778577468,1.4727461643557382,0.9691770365989074,1.0214427996122,1.0158861129681585,1
1.4364928206712844,0.7809094404013253,0.309825823133031,0.7924930991017148,1.2066743892751264,1.2986001853157134,1.6795688416510095,0.4527270124405,0.7804223330265949,0.4111786650627434,0.3306003942102772,0.6860906270233407,1.1833061221470105,1.385697217445158,0.5258229466891625,0.5953620403063801,1
-1.8539467674693455,0.5897195285485981,-1.0209011238758148,1.0386881638097352,-1.8174326182774732,0.29344917913371604,-1.3804528900099131,0.6514912178818526,-0.6191005830237113,0.7933392072757027,-0.6286850030429387,1.547912417992087,-0.7221647485712441,-0.5370549968077978,-1.1520084476329948,0.9168471085458381,1
-1.6493598174946873,-1.8090559089052491,-1.1442582375977828,-1.2010480522482652,-1.0985184301384139,-1.0543108989447543,-1.2612511709414087,-1.1062037119091028,-1.4267641540517473,-0.23802709541835831,-1.3998700740749843,-1.1854903547326703,-1.3618943945569404,-1.3702907701024511,-0.9876792166810265,-1.051117104941506,1
-0.5734660664503444,2.034465178210563,-1.322293468583487,-0.3880338255669369,-1.430396101876014,0.7340192713028808,-0.2831548840812729,-1.0599195184430217,-0.6565081566317975,0.8652695456002492,-1.9013678150090727,0.16870590153851528,-1.1083865731173257,1.0780587722605874,-1.366263859906066,-0.6099341880432462,1
0.634393505231816,1.4201710901133855,0.8474622304488724,1.6084298545645006,0.7568330613784899,0.4737870198786638,0.6021224614692953,0.6276675487925432,0.5798741176906679,0.7136958621974465,1.4283459351626189,1.898022104133092,0.33490524222324813,1.6317565214165743,0.7611481420127856,1.173941265601117,1
-0.8485775803663846,-0.7557629244840928,-1.2769820226803508,-1.3991304644328684,0.939896132602144,1.4014828419037555,0.9265072856891384,1.3014788929816943,-0.6029542304167703,-1.0962264408804598,-1.0563382507007326,-0.9305963106306304,1.5712023127913048,0.8283592028520157,1.5688752629143992,1.1275637259639864,1
0.9789119467516798,1.3695593263866004,0.9070322919310314,0.7730506094365691,-0.44735087356256714,-1.2652691591463407,-0.5552645267741254,-0.4470322690211456,-0.7165915339689696,-1.6246177597863163,-0.9864225453887514,-1.1009999985293086,-1.2479996276676564,-0.9286242063267862,-0.6153968262512259,-1.229276330065599,1
-1.466009131737513,-1.1400286605922327,0.44090942889357154,-0.6072776849724126,-1.6366158140690996,-0.7036610463690819,1.5143203050365404,-1.161687922952236,-1.3434617077296775,-0.7624410233307973,1.8012125728132025,-0.3291612194750059,-1.0368802206361931,-1.44159128474079,0.8839537654886581,-1.8449544299047709,1
-1.7442723195159755,-1.3037046238380676,-1.315346162838788,0.0701543899182806,-0.16716045974305216,-0.634532282949211,-1.1715379653706992,-0.39968516951013855,-1.5667298195252293,-0.4617123423778704,-0.5360132312899781,-1.0756728673246403,1.569593156675386,0.776389435268075,0.3674572009508832,1.4889825064999607,1
-1.7422649632277887,-1.0634333900189434,-1.357852416360751,-0.45558111730076944,-0.7762154109554871,-1.5523024770776868,-0.9398795828380162,-1.020555366082015,0.9808140328528355,0.7449403074795051,1.0124126770804327,0.5746150958294097,0.40609604645775577,0.3767262579200445,0.47544767706164576,1.2111415647516808,1
1.2023520563302204,1.03241194937772,1.6641659031921763,1.173705238847551,0.6472881429987745,1.0493575261605017,0.8155594785169754,1.0811999532597945,-1.2098848561834064,-1.338405367773157,-0.900363893625777,-0.9721051856917232,1.5319779225229235,0.7925220604335934,0.009573076252346381,0.8180646007683435,1
-0.9620535896125731,-0.9379787882097155,-0.8970724150761132,-2.4463697692222777,-0.81943628168026,-1.2742315319547293,-0.5770994054898322,-0.8986193654618686,-0.6841508266226302,-1.3640824500691489,-1.564459306323378,-0.554825326342886,1.2817022524520287,1.1111072040073215,1.1103884500704897,1.210313803027024,1
0.5984038524364719,1.3863114929840163,-1.034640560164566,-1.1604229471675485,0.3591650416735061,0.9663028734031038,-1.2837941774923745,-0.8783302173679187,0.42851640067727453,1.0889531297531003,-1.2194753852494102,-1.6246484628675733,0.3363579810609266,0.41148980598865287,-1.1031995287202712,-0.9395022828182495,1
0.9006302222821043,0.9160791817435574,1.2636072420075573,0.8788133359379637,1.2292399302388417,0.8721040113864128,1.558598082170898,0.9941284239892176,-1.066047488478124,-0.8302461158136029,-0.1822498513882508,-1.3025926387652342,1.5197124976293408,0.5912068941685091,1.0219145738426538,0.6026121654157308,1
-0.724076209678745,-0.7104775510310816,0.20595794247781296,-1.0033322501951307,-1.098390916691368,-1.7660912080407276,1.0079918833610992,-1.1252136087183806,-0.7442371639410563,-0.9593764618800988,0.7253397348583734,-0.5371187747715114,-2.110616750387562,-1.0321325642148051,0.11837453400403208,-1.45609663560306,1
0.7365710961637054,1.2405975495687662,-0.8600521655090656,-1.438291994217355,0.6894280605052991,0.9284897242528242,-0.38487350910039686,-1.3268953411853273,0.22432038955171096,1.6515113150521203,-0.7513534089333908,-1.5814433550613662,1.1531714196852156,1.4058336814800003,-0.9531272398323793,-0.31871156978896814,1
1.1185206119315128,1.394090004572572,1.47224992681208,1.2142273407801638,1.2508581621170984,0.49483510620173304,0.7248232060900894,1.4216917264953657,1.7118155909092567,0.029784887245819847,0.7160684263742926,1.0118103012073247,-1.4396372310403387,-1.4112598220908414,-0.7625400631030976,-0.20931201541428324,1
-0.6453926580565942,-0.8004553275338565,-0.3542879403711248,-0.9205111594802928,0.5581740165090099,-0.7225142354499315,-0.9268649948190816,-1.1945225350284803,-0.5616647323665114,-1.1833040473764507,-1.3871018055544369,-1.2343423558271402,0.9039230322465744,2.124892011390721,1.146236521111545,0.6694973020521966,1
1.3028431055645964,0.9751977444206099,0.9176519762710371,0.4464001010705009,0.5893566021399146,1.9552178160667069,0.5054977808569937,0.4958661210668274,0.6488897569622105,0.40090962351936366,1.007653287422755,1.5444552563326193,-1.3052461631360168,-1.6866621398804107,-0.8540693434926732,-1.0278871688399065,1
0.2024421388162373,-0.5506176656301681,-0.3505348371339313,-1.115117562466254,0.5907048833754918,-1.538800443732359,-1.0127435185278055,-0.3919640404398105,0.7871109188427599,-0.44427887680967054,-1.575691867553442,-1.175771458224206,0.9782019827745928,-0.8918025628760258,-1.1663800833545033,-0.37667834685682544,1
0.7253121156966361,-0.37840399042757206,-1.6964908088375952,-1.3208505152112586,1.6053788698087952,-0.7529118552881232,-0.9104360931105218,-1.3242230677081244,1.015252407250214,-1.2689145342266503,-1.4296930655353755,-1.54002873765087,1.3920477981862491,-1.0302030661080679,-0.8427431280986518,-0.9241634070992979,1
-1.4729311030160164,-1.6984134044514607,-1.5806608049937367,-1.4060791834395931,0.010978076797574454,-1.4016561891612576,-1.2608854627954107,-1.1171551654484968,0.8216260043810611,1.9076050280187693,0.13719755881026763,2.0926858666424737,1.0723471065965424,1.4807428253545842,1.0101845274731451,1.407634550750786,1
-0.6640061299317521,0.41723530521184415,1.3453087610728092,1.544752229781528,-0.8732158859310769,0.9953142207396176,0.5532059375507918,0.8918965411083369,-1.25601475712964,1.285997818696342,0.5750620374412987,1.2823253607517786,-1.4194927813648284,0.8688237229199908,1.3080221985064084,0.6481016400069781,1
